00011	aMSa	aMSa-hara
00019	aMSu	aMSu-Dara
00095	akfzwa	akfzwa-pacya
00116	akza	akza-dyU
00121	akza	akza-pAwaka
00144	akzara	akzara-caRa
00147	akzara	akzara-jIvaka
00268	agni	agni-saKa
00307	agre	agre-ga
00327	aGora	aGora-paTin
00335	aMka	aMka-pAli
00359	aMga	aMga-aDipa
00370	aMga	aMga-marda
00372	aMga	aMga-rakzaRI
00374	aMga	aMga-rAj
00398	aMgAra	aMgAra-DAnikA
00415	aMguli(lI)	aMguli(lI)-toraRa
00416	aMguli(lI)	aMguli(lI)-tra
00417	aMguli(lI)	aMguli(lI)-parvan
00418	aMguli(lI)	aMguli(lI)-muKa
00419	aMguli(lI)	aMguli(lI)-mudrA
00420	aMguli(lI)	aMguli(lI)-mowana
00421	aMguli(lI)	aMguli(lI)-saMjYA
00422	aMguli(lI)	aMguli(lI)-saMdeSa
00423	aMguli(lI)	aMguli(lI)-sPowana
00423.1	aMguli(lI)	aMguli(lI)-BaMga
00448	acala	acala-pati
00457	acira	acira-aMSu
00483	aja	aja-pa
00568	awwa	awwa-hasita
00583	aRu	aRu-mAtra
00590	aRqa	aRqa-koSa
00648	ati	ati-Catra
00704	atiTi	atiTi-satkAra
00756	atra	atra-Bavat
00760	atri	atri-jAta
00762	atri	atri-netra˚ja
00795	aditi	aditi-ja
00842	adri	adri-tanayA
00845	adri	adri-pati
00864	aDama	aDama-fRa
00877	aDarma	aDarma-Atman
00901	aDi	aDi-akza
00929	aDi	aDi-puru(rU)za
00936	aDi	aDi-rAj
00958	aDi(DI)kAra	aDi(DI)kAra-AQya
01077	ananya	ananya-gati
01176	anAdi	anAdi-ananta
01217	anitya	anitya-datta
01252	anila	anila-ASin
01647	anta	anta-avaSAyin
01648	anta	anta-kara
01692	antar	antar-pAta
01698	antar	antar-pura˚aDyakza
01719	antar	antar-veSmi(Si)ka
01742	antara	antara-puruza
01749	antarA	antarA-vedi(dI)
01754	antari(rI)kza	antari(rI)kza-udara
01755	antari(rI)kza	antari(rI)kza-ga
01756	antari(rI)kza	antari(rI)kza-loka
01787	antya	antya-ja
01788	antya	antya-jAti
01806	anDa	anDa-tamasa
01813	anDaka	anDaka-arAti
01841	anna	anna-mayakoSa(za)
01852	anya	anya-ga
01859	anya	anya-devata
01864	anya	anya-puzwa
01866	anya	anya-bIja
01868	anya	anya-manas
01871	anya	anya-liMga
01898	anyUna	anyUna-aMga
01949	anvi(nvI)ta	anvi(nvI)ta-arTa
01950	anvi(nvI)ta	anvi(nvI)ta-arTa˚vAda
01996	apa	apa-rUpa
02248	apAna	apAna-pavana
02384	aprApta	aprApta-vayas
02391	apriya	apriya-vAdin
02417	abudDi	abudDi-pUrvam
02430	abja	abja-BU
02542	aBinava	aBinava-yOvana
02883	amara	amara-ISa
02890	amara	amara-pati
02926	amAMsa	amAMsa-Odanika
02949	amitra	amitra-GAtin
02981	amfta	amfta-anDas
02987	amfta	amfta-dIDiti
03038	ambikA	ambikA-ISvara
03042	ambu	ambu-kaRwaka
03043	ambu	ambu-kISa
03071	ambu	ambu-vAha
03161	ayAcita	ayAcita-upanata
03201	ayoni	ayoni-jA
03205	ara	ara-Gawwa
03226	araRya	araRya-rAj
03309	arunDatI	arunDatI-jAni
03329	arka	arka-kAntA
03332	arka	arka-jA
03334	arka	arka-nandana
03396	arTa	arTa-kara
03414	arTa	arTa-para
03462	arDa	arDa-kAla
03473	arDa	arDa-nArISa
03484	arDa	arDa-mARava
03492	arDa	arDa-visarga
03550	alakA	alakA-aDipa
03596	alAbu(bU)	alAbu(bU)-pAtra
03624	aloka	aloka-sAmAnya
03796	avani(nI)	avani(nI)-cara
03797	avani(nI)	avani(nI)-ISa
03798	avani(nI)	avani(nI)-maRqala
03799	avani(nI)	avani(nI)-ruh
03800	avani(nI)	avani(nI)-tala
03957	avAntara	avAntara-diS
04052	avyakta	avyakta-mArga
04103	aSAstra	aSAstra-vihita
04131	aSoka	aSoka-taru
04140	aSman	aSman-kuwwa
04141	aSman	aSman-garBa
04143	aSman	aSman-jatu
04179	aSlezA	aSlezA-ja
04191	aSva	aSva-kuSala
04204	aSva	aSva-pa
04210	aSva	aSva-meDika
04221	aSva	aSva-vAra
04229	aSva	aSva-sAda
04242	aSvinI	aSvinI-kumAra
04281	azwan	azwan-SravaRa
04369	asama	asama-izu
04370	asama	asama-nayana
04380	asaMbadDa	asaMbadDa-AlApin
04417	asi	asi-daMzwra
04420	asi	asi-DAva
04421	asi	asi-Denu
04426	asi	asi-putrikA
04434	asita	asita-aSman
04453	asura	asura-aDipa
04457	asura	asura-ripu
04480	asta	asta-acala
04501	astra	astra-kAra
04504	astra	astra-jIva
04507	astra	astra-mArja
04519	asTi	asTi-kft
04524	asTi	asTi-Bakza
04531	asTi	asTi-saMBava
04581	aham	aham-pUrvikA
04599	ahi	ahi-dviz
04616	ahima	ahima-aMSu
04853	AjYA	AjYA-anuga
04857	AjYA	AjYA-pratiGAta
04956	Atman	Atman-banDu
05008	Adi	Adi-kara
05014	Adi	Adi-puruza
05214	ABIra	ABIra-palli
05314	Ayus	Ayus-vedika
05372	Arta	Arta-nAda
05560	ASrama	ASrama-pada
05564	ASraya	ASraya-ASa
05597	Asakta	Asakta-citta
05636	AsTAna	AsTAna-gfha
05714	ikzu	ikzu-matI
05718	ikzu	ikzu-vAwikA
05731	iMgita	iMgita-kovida
05743	iqA(lA)	iqA(lA)-gola
05800	indu	indu-reKA
05805	indra	indra-anuja
05813	indra	indra-gopa
05866	irA	irA-ambara
05886	izu	izu-paTa
06030	uccEs	uccEs-Sravas
06087	uqu	uqu-pati
06102	utaTya	utaTya-anuja
06168	uttama	uttama-fRa
06191	uttara	uttara-ozWa
06203	uttara	uttara-diS˚ISa
06269	utpAta	utpAta-pavana
06334	udaka	udaka-karman
06366	udan	udan-Di˚kanyA
06392	udaya	udaya-acala
06500	udData	udData-manas
06552	udyAna	udyAna-pAla
06843	upari	upari-tana
06938	upasTa	upasTa-dala
07030	uBaya	uBaya-tas˚dat
07049	uraga	uraga-ari
07062	uras	uras-graha
07066	uras	uras-tra
07091	urvI	urvI-ISa
07138	uzA	uzA-pati
07146	uzRa	uzRa-aMSu
07147	uzRa	uzRa-aBigama
07160	uzma	uzma-BAs
07187	Uru	Uru-udBava
07189	Uru	Uru-daGna
07202	UrRa	UrRa-nABa
07209	UrDva(rdDva)	UrDva(rdDva)-kaca
07210	UrDva(rdDva)	UrDva(rdDva)-kaca
07211	UrDva(rdDva)	UrDva(rdDva)-karman
07212	UrDva(rdDva)	UrDva(rdDva)-kAya
07213	UrDva(rdDva)	UrDva(rdDva)-gati
07214	UrDva(rdDva)	UrDva(rdDva)-gati
07215	UrDva(rdDva)	UrDva(rdDva)-caraRa
07216	UrDva(rdDva)	UrDva(rdDva)-caraRa
07217	UrDva(rdDva)	UrDva(rdDva)-jAnu
07218	UrDva(rdDva)	UrDva(rdDva)-dfzwi
07219	UrDva(rdDva)	UrDva(rdDva)-dfzwi
07220	UrDva(rdDva)	UrDva(rdDva)-deha
07221	UrDva(rdDva)	UrDva(rdDva)-pAtana
07222	UrDva(rdDva)	UrDva(rdDva)-pAda
07223	UrDva(rdDva)	UrDva(rdDva)-retas
07224	UrDva(rdDva)	UrDva(rdDva)-retas
07225	UrDva(rdDva)	UrDva(rdDva)-mOhUrtika
07226	UrDva(rdDva)	UrDva(rdDva)-loka
07227	UrDva(rdDva)	UrDva(rdDva)-vAta
07228	UrDva(rdDva)	UrDva(rdDva)-SAyin
07229	UrDva(rdDva)	UrDva(rdDva)-SAyin
07230	UrDva(rdDva)	UrDva(rdDva)-SvAsa
07231	UrDva(rdDva)	UrDva(rdDva)-sTiti
07272	fkza	fkza-rAj
07293	fRa	fRa-apanayana
07298	fRa	fRa-matkuRa
07333	fSya	fSya-ketu
07347	fzya	fzya-ketana
07356	eka	eka-agra
07391	eka	eka-cetas
07397	eka	eka-tama
07398	eka	eka-tara
07406	eka	eka-dfS
07410	eka	eka-Dura
07417	eka	eka-piMga
07420	eka	eka-yazwi
07422	eka	eka-rAj
07429	eka	eka-vAram
07433	eka	eka-veRi
07442	eka	eka-hAyanI
07605	ozaDi(DI)	ozaDi(DI)-garBa
07606	ozaDi(DI)	ozaDi(DI)-ja
07607	ozaDi(DI)	ozaDi(DI)-pati
07608	ozaDi(DI)	ozaDi(DI)-prasTa
07754	kaMsa	kaMsa-ari
07767	kakudmin	kakudmin-kanyA, -sutA
07783	kakza	kakza-SAya
07790	kaMka	kaMka-patra
07810	kaca	kaca-pakza
07864	kawi(wI)	kawi(wI)-tawa
07865	kawi(wI)	kawi(wI)-tra
07866	kawi(wI)	kawi(wI)-proTa
07867	kawi(wI)	kawi(wI)-mAlikA
07868	kawi(wI)	kawi(wI)-rohaka
07869	kawi(wI)	kawi(wI)-SIrzaka
07870	kawi(wI)	kawi(wI)-SfMKalA
07871	kawi(wI)	kawi(wI)-sUtra
07878	kawu	kawu-kIwa
07918	kaRa	kaRa-ada
07931	kaMwaka	kaMwaka-aSana
07981	kaRva	kaRva-duhitf
07990	kati	kati-paya
08054	kadaMba	kadaMba-anila
08055	kadaMba	kadaMba-korakanyAya
08056	kadaMba	kadaMba-vAyu
08064	kadru	kadru-putra
08068	kanaka	kanaka-acala
08071	kanaka	kanaka-kzAra
08072	kanaka	kanaka-daMqa
08104	kaMdarpa	kaMdarpa-muzala
08167	kapAla	kapAla-pARi, -Bft, -mAlin, -Siras
08176	kapi	kapi-ketana
08201	kapota	kapota-pAlikA
08249	kamala	kamala-Bava
08252	kamalA	kamalA-pati, -saKa
08290	kara	kara-kamala
08301	kara	kara-tAla
08302	kara	kara-tAlikA
08313	kara	kara-bAla
08320	kara	kara-vIra
08367	karin	karin-pota
08387	karuRA	karuRA-para
08392	kareRu	kareRu-BU, {{sUta->suta||20260425|Scott Rhodes|https://github.com/sanskrit-lexicon/csl-corrections/issues/164|}}
08416	karRa	karRa-aMdu, -aMdU
08425	karRa	karRa-japa
08450	karRa	karRa-SrAva
08529	karman	karman-BU
08537	karman	karman-SIla
08540	karman	karman-saMnyAsika
08577	kala	kala-kUjikA
08604	kalaSI(sI)	kalaSI(sI)-suta
08615	kalA	kalA-Dara
08627	kali	kali-kAra
08628	kali	kali-druma
08635	kaliMda	kaliMda-kanyA
08637	kaliMda	kaliMda-giri˚jA
08656	kalpa	kalpa-taru
08658	kalpa	kalpa-latA
08674	kalya	kalya-pAla
08678	kalyA	kalyA-pAla
08700	kava(ba)rI	kava(ba)rI-Bara
08718	kavya	kavya-vAh
08727	kaSmIra	kaSmIra-ja
08753	kasturikA	kasturikA-mfga
08770	kAka	kAka-cCada
08779	kAka	kAka-pakza
08782	kAka	kAka-pucCa
08794	kAkali(lI)	kAkali(lI)-rava
08811	kAca	kAca-mala
08826	kAMcI(ci)	kAMcI(ci)-purI
08827	kAMcI(ci)	kAMcI(ci)-pada
08839	kAMqa	kAMqa-pawa
08854	kAtyAyanI	kAtyAyanI-putra
08882	kAMti	kAMti-da
08938	kAma	kAma-kAma
08949	kAma	kAma-cara
08962	kAma	kAma-duGA
08968	kAma	kAma-pati
08980	kAma	kAma-reKA
09072	kArA	kArA-agAra
09156	kAla	kAla-agni
09179	kAla	kAla-karRikA
09188	kAla	kAla-KaMjana
09198	kAla	kAla-Darma
09215	kAla	kAla-rAtri
09224	kAla	kAla-sUtra
09244	kAliMdI	kAliMdI-karzaRa
09296	kASmIra	kASmIra-ja
09312	kAzWa	kAzWa-takza
09362	kim	kim-nara˚ISa
09377	kim	kim-u
09381	kim	kim-kartavyatA
09398	kim	kim-nAmaDeya
09403	kim	kim-paca
09411	kim	kim-vadaMti
09440	kirmIra	kirmIra-jit
09529	ku	ku-brahma
09537	ku	ku-vacas
09573	kuca	kuca-agra
09623	kuwuMba	kuwuMba-kalaha
09624	kuwuMba	kuwuMba-Bara
09625	kuwuMba	kuwuMba-vyApfta
09672	kuMqa	kuMqa-gola
09721	kube(ve)ra	kube(ve)ra-adri
09722	kube(ve)ra	kube(ve)ra-diS
09732	kumAra	kumAra-vAhin
09737	kumArikA	kumArikA-putra
09738	kumArikA	kumArikA-SvaSura
09748	kumuda	kumuda-Akara
09751	kumuda	kumuda-nATa
09754	kumudinI	kumudinI-nAyaka
09760	kuMBa	kuMBa-ja
09782	kuraMga	kuraMga-akzI
09798	kuru	kuru-rAj
09822	kula	kula-acala
09831	kula	kula-utpanna
09836	kula	kula-kanyakA
09841	kula	kula-giri
09843	kula	kula-ja
09849	kula	kula-dIpa
09863	kula	kula-pAli
09872	kula	kula-yozit
09907	kuli(lI)Sa	kuli(lI)Sa-Dara
09908	kuli(lI)Sa	kuli(lI)Sa-nAyaka
09968	kusI(si)da	kusI(si)da-paTa
09969	kusI(si)da	kusI(si)da-vfdDi
09976	kusuma	kusuma-aDipa
09979	kusuma	kusuma-astra
09984	kusuma	kusuma-kArmuka
10002	kuhaka	kuhaka-svana
10011	kuhU	kuhU-kaMWa
10036	kUwa	kUwa-pASa
10056	kUpa	kUpa-aMka
10077	kUrma	kUrma-pfzWa
10089	kUla	kUla-haMqaka
10176	kfta	kfta-hasta
10185	kftti	kftti-vAsa
10187	kfttikA	kfttikA-tanaya
10198	kftrima	kftrima-DUpa
10212	kfpaRa	kfpaRa-DI
10227	kfmi	kfmi-koSa
10229	kfmi	kfmi-ja
10231	kfmi	kfmi-jalaja
10232	kfmi	kfmi-parvata
10266	kfzRa	kfzRa-ayas
10267	kfzRa	kfzRa-aDvan
10285	kfzRa	kfzRa-muKa
10292	kfzRa	kfzRa-SAra
10294	kfzRa	kfzRa-saKa
10350	keli	keli-gfha
10381	keSa	keSa-pakza
10383	keSa	keSa-BU
10392	keSava	keSava-Alaya
10395	keSin	keSin-nizUdana
10399	kesa(Sa)ra	kesa(Sa)ra-acala
10400	kesa(Sa)ra	kesa(Sa)ra-vara
10402	kesa(Sa)rin	kesa(Sa)rin-suta
10409	kEwaBa	kEwaBa-ari
10440	kokila	kokila-AvAsa
10450	kowi(wI)	kowi(wI)-jit
10451	kowi(wI)	kowi(wI)-jyA
10452	kowi(wI)	kowi(wI)-dvaya
10453	kowi(wI)	kowi(wI)-pAtra
10454	kowi(wI)	kowi(wI)-pAla
10455	kowi(wI)	kowi(wI)-veDin
10456	kowi(wI)	kowi(wI)-Sas
10473	kopa	kopa-Akula
10498	koSa(za)	koSa(za)-aDipati
10499	koSa(za)	koSa(za)-agAra
10500	koSa(za)	koSa(za)-kAra
10502	koSa(za)	koSa(za)-gfha
10503	koSa(za)	koSa(za)-caMcu
10504	koSa(za)	koSa(za)-nAyaka
10505	koSa(za)	koSa(za)-pewaka
10506	koSa(za)	koSa(za)-vAsin
10507	koSa(za)	koSa(za)-vfdDi
10508	koSa(za)	koSa(za)-SAyikA
10509	koSa(za)	koSa(za)-sTa
10510	koSa(za)	koSa(za)-sTa
10511	koSa(za)	koSa(za)-hIna
10600	kOSika	kOSika-arAti
10609	kOstuBa	kOstuBa-lakzaRa
10612	krakaca	krakaca-cCada
10613	krakaca	krakaca-pAd
10617	kratu	kratu-druh
10634	krama	krama-anusAra
10635	krama	krama-Agata
10657	kravya	kravya-ad
10690	kriyA	kriyA-vAcaka
10735	kroqa	kroqa-aMka
10746	kroSa	kroSa-tAla
10752	krOMca	krOMca-arAti
10753	krOMca	krOMca-dAraRa
10792	kzaRa	kzaRa-dyuti
10837	kzapA	kzapA-kara
10844	kzamA	kzamA-Buj
10882	kzAra	kzAra-uda
10883	kzAra	kzAra-traya
10885	kzAra	kzAra-BUmi
10899	kziti	kziti-ISa
10909	kziti	kziti-nATa
10951	kzIra	kzIra-abDi˚jA
10955	kzIra	kzIra-uda˚tanayA
10963	kzIra	kzIra-Di
10967	kzIra	kzIra-vAri
11001	kzuD	kzuD-Arta
11002	kzuD	kzuD-kzAma
11003	kzuD	kzuD-pipAsita
11004	kzuD	kzuD-nivftti
11017	kzura	kzura-DAna
11020	kzura	kzura-mardin
11029	kzetra	kzetra-AjIva
11077	kzORi	kzORi-prAcIra
11078	kzORi	kzORi-Buj
11090	kzmA	kzmA-pa
11113	Ka	Ka-ga˚iMdra
11143	Ka	Ka-samutTa
11161	KaMja	KaMja-Kewa
11183	KawvA	KawvA-aMga˚Dara
11185	KawvA	KawvA-Apluta
11202	Kaqga	Kaqga-piDAna
11252	Kara	Kara-aMSu
11254	Kara	Kara-koRa
11256	Kara	Kara-gfha
11257	Kara	Kara-Ras
11291	Karva(rba)	Karva(rba)-SAKa
11367	Kura	Kura-Ras
11402	gagana(Ra)	gagana(Ra)-agra
11403	gagana(Ra)	gagana(Ra)-aMganA
11404	gagana(Ra)	gagana(Ra)-aDvaga
11405	gagana(Ra)	gagana(Ra)-aMbu
11406	gagana(Ra)	gagana(Ra)-ulmuka
11407	gagana(Ra)	gagana(Ra)-kusuma
11408	gagana(Ra)	gagana(Ra)-gati
11411	gagana(Ra)	gagana(Ra)-Dvaja
11412	gagana(Ra)	gagana(Ra)-sad
11413	gagana(Ra)	gagana(Ra)-sad
11414	gagana(Ra)	gagana(Ra)-siMDu
11415	gagana(Ra)	gagana(Ra)-sTa
11416	gagana(Ra)	gagana(Ra)-sparSana
11418	gaMgA	gaMgA-aMbu
11449	gaja	gaja-Anana
11452	gaja	gaja-Ahva
11461	gaja	gaja-daGna
11469	gaja	gaja-baMDanI
11472	gaja	gaja-maMqalikA
11475	gaja	gaja-muKa
11491	gaqa	gaqa-utTa
11506	gaRa	gaRa-aDipa
11513	gaRa	gaRa-ISAna
11525	gaRa	gaRa-nATa
11527	gaRa	gaRa-pa
11540	gaRa	gaRa-hAsa
11566	gaMqa	gaMqa-deSa
11600	gata	gata-asu
11674	gaMDa	gaMDa-iBa
11680	gaMDa	gaMDa-kAlikA
11683	gaMDa	gaMDa-kelikA
11694	gaMDa	gaMDa-nAlikA
11713	gaMDa	gaMDa-muKA
11739	gaMDarva	gaMDarva-nagara
11744	gaMDarva	gaMDarva-hasta
11754	gaBasti	gaBasti-kara
11800	garuqa	garuqa-aMkita
11829	gardaBa	gardaBa-aMqa
11848	garBa	garBa-koSa
11851	garBa	garBa-gfha
11871	garBa	garBa-rUpa
11954	gava	gava-ISa
11999	gAMqiva	gAMqiva-Danvan
12025	gADi	gADi-ja
12026	gADi	gADi-nagara
12060	gArDra	gArDra-pakza
12093	giri	giri-kadaMba
12107	giri	giri-jA˚tanaya
12117	giri	giri-RadI
12118	giri	giri-RadDa
12120	giri	giri-RitaMba
12132	giri	giri-mfd
12151	gila	gila-gila
12234	guRa	guRa-grAhaka
12236	guRa	guRa-traya
12241	guRa	guRa-layanikA
12242	guRa	guRa-vacana
12244	guRa	guRa-vfkza
12275	guda	guda-kIla
12317	guru	guru-talpa
12361	gUQa	gUQa-utpanna
12364	gUQa	gUQa-pAd
12388	gfDra	gfDra-pati
12389	gfDra	gfDra-vAja
12394	gfha	gfha-aDipa
12406	gfha	gfha-kapota
12416	gfha	gfha-ja
12444	gfha	gfha-vAwikA
12493	go	go-kirAwA
12494	go	go-kila
12524	go	go-tra˚sKalana
12531	go	go-duh
12538	go	go-Duma
12545	go	go-nasa
12550	go	go-pa˚aDyakza
12560	go	go-pAlikA
12579	go	go-maya˚Canna
12598	go	go-rAwikA
12601	go	go-lAMgula
12606	go	go-varDana˚Dara
12610	go	go-viz
12625	go	go-zWi
12633	go	go-stanA
12687	gOrI	gOrI-kAMta
12707	graMTa	graMTa-kuwI
12709	graMTa	graMTa-vistara
12713	graMTi	graMTi-cCedaka
12735	graha	graha-ADAra
12763	grAma	grAma-aDikfta
12791	grAma	grAma-yAjaka
12830	grIzma	grIzma-udBavA
12853	Gawa	Gawa-udBava
12856	Gawa	Gawa-kAra
12876	GawI	GawI-graha
12899	Gana	Gana-atyaya
12923	Gana	Gana-vallikA
12942	Garma	Garma-aMbu
12965	GAtin	GAtin-pakzin
12971	GAsa	GAsa-kunda
13008	Gfta	Gfta-anna
13016	Gfta	Gfta-pUra
13022	Gowa	Gowa-ari
13031	Gora	Gora-Akfti
13033	Gora	Gora-rAsana
13061	cakra	cakra-AkAra
13064	cakra	cakra-Ahva
13074	cakra	cakra-jIvaka
13084	cakra	cakra-pAda
13086	cakra	cakra-baMDu
13087	cakra	cakra-vAqa
13143	caMcu	caMcu-Bft
13161	caMqa	caMqa-aMSu
13167	caMqA	caMqA-ISvara
13185	catur	catur-aSra
13247	catur	catur-hAyaRa
13276	caMdana	caMdana-acala
13285	caMdra	caMdra-arDa˚cUqAmaRi
13287	caMdra	caMdra-Atmaja
13309	caMdra	caMdra-cUqa
13322	caMdra	caMdra-reKA
13325	caMdra	caMdra-lohaka
13368	camU	camU-nATa
13394	caraRa	caraRa-amfta
13395	caraRa	caraRa-araviMda
13402	caraRa	caraRa-SuSrUzA
13404	carama	carama-acala
13430	carman	carman-avakartin
13431	carman	carman-kAra
13438	carman	carman-druma
13476	cala	cala-dala
13508	cAwu	cAwu-ullola
13556	cAmara	cAmara-grAha
13558	cAmara	cAmara-puzpa
13571	cAra	cAra-IkzaRa
13572	cAra	cAra-caRa
13590	cAru	cAru-netra
13625	cikura	cikura-uccaya
13664	citta	citta-apahAraka
13669	citta	citta-unnati
13671	citta	citta-ja
13682	citta	citta-viplava
13693	citra	citra-akzI
13717	citra	citra-ga
13727	citra	citra-pawa
13754	citrA	citrA-awIra
13775	cipiwa	cipiwa-nAsa
13785	cira	cira-kAra
13787	cira	cira-kAlika
13801	cira	cira-sUtA
13803	cira	cira-sTa
13824	cIna	cIna-aMSuka
13875	cUqA	cUqA-karaRa
13916	cedi	cedi-pati
13932	cEtya	cEtya-taru
13986	Catra	Catra-Dara
14029	CAga	CAga-raTa
14049	CAyA	CAyA-tanaya
14074	Cidra	Cidra-anusaMDAnin
14083	Cinna	Cinna-masta
14119	jagat	jagat-aMbA
14123	jagat	jagat-Ayu
14124	jagat	jagat-ISa
14126	jagat	jagat-kartf
14130	jagat	jagat-prARa
14136	jagatI	jagatI-aDISvara
14160	jaMGA	jaMGA-kAra
14168	jawA	jawA-cIra
14182	jaWara	jaWara-jvAlA
14183	jaWara	jaWara-yaMtraRA
14200	jana	jana-aDipa
14209	jana	jana-iMdra
14236	janaka	janaka-AtmajA
14306	jaMbu	jaMbu-KaMqa
14311	jaMBa	jaMBa-arAti
14375	jala	jala-AkAMkza
14391	jala	jala-ISa
14395	jala	jala-uragA
14406	jala	jala-kuMtala
14469	jala	jala-bAlaka
14484	jala	jala-yaMtra˚gfha
14488	jala	jala-raMqa
14491	jala	jala-ruh
14500	jala	jala-Saya
14532	jahat	jahat-lakzaRA
14536	jahnu	jahnu-kanyA
14577	jAti	jAti-koSa
14578	jAti	jAti-koSI
14608	jAnu	jAnu-Palaka
14622	jAyA	jAyA-anujIvin
14628	jAra	jAra-ja
14636	jAla	jAla-pAd
14674	jita	jita-kopa
14682	jina	jina-iMdra
14699	jihvA	jihvA-ulleKanI
14737	jIva	jIva-gfha
14744	jIva	jIva-pati
14745	jIva	jIva-putra
14759	jIvat	jIvat-pati
14897	jyotis	jyotis-iMga
14946	JaMJA	JaMJA-anila
14966	Jaza	Jaza-aMka
14987	waMkaRa(na)	waMkaRa(na)-kzAra
15087	tatva	tatva-aBiyoga
15088	tatva	tatva-arTa
15089	tatva	tatva-jYa
15090	tatva	tatva-tas
15091	tatva	tatva-nyAsa
15104	taTA	taTA-rUpa
15114	tad	tad-arTa
15164	tanu	tanu-tra
15171	tanu	tanu-ruh
15180	tanU	tanU-udBava
15181	tanU	tanU-udBavA
15221	tapa	tapa-atyaya
15224	tapana	tapana-Atmaja
15225	tapana	tapana-AtmajA
15227	tapana	tapana-upala
15318	tari	tari-raTa
15323	taru	taru-KaMqa
15371	tala	tala-tra
15433	tApasa	tApasa-taru
15449	tAMbUla	tAMbUla-da
15460	tAmra	tAmra-kAra
15491	tAraka	tAraka-ari
15501	tArA	tArA-aDipa
15521	tAla	tAla-Dvaja
15523	tAla	tAla-badDa
15556	tikta	tikta-Pala
15561	tigma	tigma-kara
15589	timira	timira-ari
15593	tiras	tiras-kariRI
15612	tila	tila-aMbu
15618	tila	tila-kiwwa
15668	tIrTa	tIrTa-kAka
15671	tIrTa	tIrTa-rAji
15698	tucCa	tucCa-DAnya
15715	tuMda	tuMda-kUpikA
15716	tuMda	tuMda-parimArja
15744	turaMga	turaMga-yAyin
15745	turaMga	turaMga-vaktra
15767	tulA	tulA-kowi
15768	tulA	tulA-koSa
15775	tulA	tulA-pragraha
15789	tuza	tuza-agni
15790	tuza	tuza-aMbu
15791	tuza	tuza-graha
15794	tuzAra	tuzAra-adri
15797	tuzAra	tuzAra-kiraRa
15806	tuhina	tuhina-aMSu
15807	tuhina	tuhina-acala
15824	tUla	tUla-kArmuka
15845	tfRa	tfRa-asfj
15855	tfRa	tfRa-jalAyukA
15929	tEla	tEla-parRikA
15952	toya	toya-ADAra
15962	toya	toya-qiMba
15966	toya	toya-Di
15972	toya	toya-rAj
15991	tyakta	tyakta-jIvita
15995	tyAga	tyAga-yuta
15999	trapA	trapA-nirasta
16048	tri	tri-akza
16050	tri	tri-aMkawa
16051	tri	tri-aMjala
16053	tri	tri-aDvagA
16062	tri	tri-aSra
16072	tri	tri-kAla˚jYa
16092	tri	tri-jIvA
16094	tri	tri-Rava
16096	tri	tri-taya
16104	tri	tri-daSa˚aDipa
16108	tri	tri-daSa˚Alaya
16113	tri	tri-daSa˚vaDU
16117	tri	tri-diva˚aDISa
16124	tri	tri-Rayana
16147	tri	tri-pura˚aMtaka
16153	tri	tri-bali
16154	tri	tri-bali
16180	tri	tri-vizwapa
16182	tri	tri-veRi
16192	tri	tri-SUla˚aMka
16200	tri	tri-saptan
16203	tri	tri-sItya
16290	daMzwrA	daMzwrA-astra
16298	dakza	dakza-aDvaraDvaMsaka
16299	dakza	dakza-kanyA
16321	dakziRa	dakziRa-pUrva
16322	dakziRa	dakziRa-pUrvA
16357	daMqa	daMqa-Dara
16368	daMqa	daMqa-pAla
16377	daMqa	daMqa-vAdin
16396	datta	datta-anapAkarman
16411	daDi	daDi-anna
16412	daDi	daDi-uttara
16413	daDi	daDi-uda
16422	daDi	daDi-sAra
16428	danu	danu-ja˚ari
16429	danu	danu-saMBava
16436	daMta	daMta-AlikA
16463	daMta	daMta-mAMsa
16466	daMta	daMta-vastra
16467	daMta	daMta-bIja
16539	darpa	darpa-cCid
16554	darvI(rvi)	darvI(rvi)-kara
16577	dala	dala-sUci
16585	dava	dava-agni
16599	daSan	daSan-Anana
16603	daSan	daSan-kaMWa
16604	daSan	daSan-kaMWa˚ari
16606	daSan	daSan-grAmin
16608	daSan	daSan-taya
16612	daSan	daSan-bala
16621	daSan	daSan-vaktra
16696	dAqi(li)ma	dAqi(li)ma-priya
16721	dAna	dAna-SUra
16733	dAman	dAman-aMcala
16743	dAya	dAya-AdA
16752	dAra	dAra-upasaMgraha
16770	dAru	dAru-putrikA
16772	dAru	dAru-muKyAhvayA
16791	dAva	dAva-agni
16804	dAsI	dAsI-putra
16811	dAha	dAha-aguru
16825	diti	diti-ja
16833	diDi(DI)zU	diDi(DI)zU-pati
16836	dina	dina-atyaya
16839	dina	dina-Agama
16842	dina	dina-kara
16848	dina	dina-pa
16866	divasa	divasa-ISvara
16872	divA	divA-aMDakI
16878	divA	divA-BIta
16883	divA	divA-svapna
16889	divya	divya-aMganA
16954	dIna	dIna-dayAlu
16962	dIpa	dIpa-Ali
16965	dIpa	dIpa-kUpI
16967	dIpa	dIpa-pAdapa
17002	dIrGa	dIrGa-Ayu
17005	dIrGa	dIrGa-kaMWa
17008	dIrGa	dIrGa-gati
17011	dIrGa	dIrGa-taru
17030	dIrGa	dIrGa-sUtra
17040	duHKa	duHKa-prAya
17048	dugDa	dugDa-agra
17068	dur	dur-aDiga
17104	dur	dur-IzaRA
17112	dur	dur-ga˚aDyakza
17121	dur	dur-gaMDi
17123	dur	dur-gAQa
17135	dur	dur-jYAna
17136	dur	dur-Raya
17137	dur	dur-RAman
17138	dur	dur-dama
17155	dur	dur-nivAra
17176	dur	dur-mallikA
17182	dur	dur-yoDa
17199	dur	dur-vAra
17201	dur	dur-vigAha
17225	duzwa	duzwa-Atman
17227	duzwa	duzwa-cetas
17269	dus	dus-saMDAna
17272	dus	dus-sADa
17284	dUta	dUta-muKa
17336	dfQa	dfQa-kAMqa
17340	dfQa	dfQa-Danvan
17342	dfQa	dfQa-nIra
17401	dfzwa	dfzwa-kazwa
17408	dfzwi	dfzwi-kft
17432	deva	deva-atideva
17434	deva	deva-aMDas
17443	deva	deva-AjIva
17452	deva	deva-iMdra
17457	deva	deva-karman
17463	deva	deva-KAta
17497	deva	deva-pur
17499	deva	deva-pratikfti
17523	deva	deva-rAj
17529	deva	deva-varDaki
17546	devakI	devakI-naMdana
17549	devatA	devatA-agAra
17552	devatA	devatA-Ayatana
17566	deSa	deSa-AcAra
17568	deSa	deSa-ja
17589	deha	deha-udBava
17623	dEteya	dEteya-ijya
17644	dEva	dEva-kovida
17684	dolA	dolA-aDirUQa
17685	dolA	dolA-yudDa
17689	doza	doza-kara
17702	dozA	dozA-Asya
17765	dyu	dyu-Duni
17770	dyu	dyu-zad
17782	dyUta	dyUta-kara
17783	dyUta	dyUta-kAra
17785	dyUta	dyUta-pUrRimA
17815	draviRa	draviRa-aDipati
17875	druma	druma-naKa
17894	droRa	droRa-kzIrA
17906	dvaMdva	dvaMdva-cara
17922	dvAra	dvAra-gopa
17933	dvAra(ri)kA	dvAra(ri)kA-ISa
17960	dvi	dvi-ja˚iMdra
17962	dvi	dvi-ja˚pati
17964	dvi	dvi-ja˚baMDu
17968	dvi	dvi-janman
17972	dvi	dvi-taya
18006	dvi	dvi-padikA
18008	dvi	dvi-pAd
18014	dvi	dvi-mAtf
18020	dvi	dvi-rada˚aMtaka
18043	dvi	dvi-sahasra
18044	dvi	dvi-sItya
18047	dvi	dvi-hAyana
18119	Dana	Dana-aDikArin
18120	Dana	Dana-aDigoptf
18126	Dana	Dana-ISa
18130	Dana	Dana-garva
18139	Dana	Dana-piSAcikA
18204	DaraRi	DaraRi-ISvara
18205	DaraRi	DaraRi-kIlaka
18206	DaraRi	DaraRi-ja
18207	DaraRi	DaraRi-jA
18208	DaraRi	DaraRi-Dara
18209	DaraRi	DaraRi-Dft
18212	DarA	DarA-amara
18214	DarA	DarA-Atmaja
18230	Darma	Darma-aDikaraRika
18248	Darma	Darma-karman
18253	Darma	Darma-koSa
18272	Darma	Darma-Dvaja
18287	Darma	Darma-bARijika
18311	Darma	Darma-SAsana
18348	DAtu	DAtu-kASISa
18365	DAtu	DAtu-SoDana
18399	DAman	DAman-keSin
18422	DArA	DArA-nipAta
18456	DI	DI-maMtrin
18482	DunI(ni)	DunI(ni)-nATa
18507	DUpa	DUpa-aMga
18520	DUma	DUma-ketana
18548	DUli	DUli-puzpikA
18591	DOta	DOta-kozaja
18606	DyAna	DyAna-tatpara
18660	DvAMta	DvAMta-unmeza
18669	na	na-eka˚Beda
18685	naktam	naktam-dinam
18691	nakzatra	nakzatra-ISa
18729	naga	naga-aDipa
18735	naga	naga-jA
18741	nagara	nagara-aDikfta
18755	nagna	nagna-awa
18772	nawa	nawa-BUzaRa
18781	naqa	naqa-agAra
18806	nadI	nadI-ina
18827	naMda	naMda-Atmaja
18841	naMdi	naMdi-ISa
18846	naMdika	naMdika-ISa
18902	namuci	namuci-dviz
18907	naya	naya-kovida
18909	naya	naya-vid
18923	nara	nara-aDipa
18937	nara	nara-mAnikA
18940	nara	nara-yAna
18943	nara	nara-vyAGra
18951	naraka	naraka-aMtaka
18982	narman	narman-saciva
18987	nala	nala-kUbara
18996	nalinI	nalinI-KaMqa
19009	nava	nava-kAlikA
19014	nava	nava-mallikA
19017	nava	nava-vaDU
19021	nava	nava-sUti
19029	navan	navan-arcis
19034	navan	navan-cCidra
19068	nazwa	nazwa-cetana
19086	nAka	nAka-nATa
19098	nAga	nAga-aMtaka
19111	nAga	nAga-daMta
19113	nAga	nAga-nakzatra
19126	nAga	nAga-yazwi
19130	nAga	nAga-latA
19133	nAga	nAga-saMBava
19157	nAwya	nAwya-DarmikA
19214	nABi	nABi-ja
19227	nAman	nAman-karaRa
19290	nAsA	nAsA-cCidra
19327	nikaza(sa)	nikaza(sa)-upala
19375	niga(gA)la	niga(gA)la-vat
19424	nitya	nitya-karman
19460	niDi	niDi-ISa
19595	nir	nir-ahaMkAra
19642	nir	nir-udyama
19703	nir	nir-buza
19715	nir	nir-manuja
19758	nir	nir-vaRa
19764	nir	nir-vikalpa
19782	nir	nir-viSezam
19788	nir	nir-bIja
20000	niSA	niSA-awa
20001	niSA	niSA-atikrama
20004	niSA	niSA-aDISa
20006	niSA	niSA-AKyA
20011	niSA	niSA-cara
20037	niSuMBa	niSuMBa-maTanI
20156	nis	nis-tamaska
20231	nisarga	nisarga-ja
20279	nIqa	nIqa-udBava
20284	nIti	nIti-kuSala
20297	nIra	nIra-Di
20305	nIla	nIla-aMjanA
20306	nIla	nIla-abja
20361	nf	nf-pa˚ABIra
20367	nf	nf-pa˚lakzman
20370	nf	nf-pati
20386	nftta	nftta-priya
20387	nftta	nftta-SAlA
20388	nftta	nftta-sTAna
20396	netra	netra-aMbu
20404	netra	netra-ja
20422	nepAla	nepAla-jA
20496	nO	nO-cara
20589	pakzin	pakzin-iMdra
20591	pakzin	pakzin-bAlaka
20602	paMka	paMka-ja˚ja
20609	paMka	paMka-ruh
20621	paMkti	paMkti-dUza
20655	paMcan	paMcan-aMgula
20665	paMcan	paMcan-Anana
20694	paMcan	paMcan-triMSat
20712	paMcan	paMcan-bARa
20762	paMji	paMji-kAraka
20787	pawi	pawi-kzepa
20800	pawwa	pawwa-devI
20801	pawwa	pawwa-vastra
20815	paRa	paRa-aMganA
20833	paRya	paRya-aMganA
20839	paRya	paRya-vITikA
20869	pati	pati-GAtinI
20870	pati	pati-devatA
20873	pati	pati-matI
20902	patra	patra-bAla
20908	patra	patra-reKA
20929	paTika	paTika-saMtati
20955	pada	pada-abja
20961	pada	pada-cCeda
20987	padma	padma-kara
20991	padma	padma-koSa
20992	padma	padma-KaMqa
20993	padma	padma-gaMDa
20995	padma	padma-guRA
20996	padma	padma-ja
20998	padma	padma-nABa
21016	padminI	padminI-ISa
21029	panna	panna-ga˚ari
21087	para	para-ASraya
21123	para	para-drohin
21160	para	para-vaSa
21196	parama	parama-puruza
21313	pari(rI)RAma	pari(rI)RAma-dfzwi
21314	pari(rI)RAma	pari(rI)RAma-paTya
21315	pari(rI)RAma	pari(rI)RAma-SUla
21319	pari(rI)RAha	pari(rI)RAha-vat
21397	pari(rI)Bava	pari(rI)Bava-Aspada
21398	pari(rI)Bava	pari(rI)Bava-viDi
21554	pari(rI)hAsa	pari(rI)hAsa-vedin
21595	parRa	parRa-kuwikA
21622	paryaM(lyaM)ka	paryaM(lyaM)ka-baMDa
21623	paryaM(lyaM)ka	paryaM(lyaM)ka-Bogin
21683	parvata	parvata-rAj
21702	pala	pala-ada
21735	pallava	pallava-aMkura
21753	pavana	pavana-aSana
21757	pavana	pavana-tanaya
21766	pavitra	pavitra-AropaRa
21781	paSu	paSu-pAla
21786	paSu	paSu-yajYa
21811	pAMsu(Su)	pAMsu(Su)-kAsIsa
21812	pAMsu(Su)	pAMsu(Su)-kulI
21813	pAMsu(Su)	pAMsu(Su)-kUla
21814	pAMsu(Su)	pAMsu(Su)-kfta
21815	pAMsu(Su)	pAMsu(Su)-kzAra
21816	pAMsu(Su)	pAMsu(Su)-catvara
21817	pAMsu(Su)	pAMsu(Su)-caMdana
21818	pAMsu(Su)	pAMsu(Su)-cAmara
21819	pAMsu(Su)	pAMsu(Su)-jAlika
21820	pAMsu(Su)	pAMsu(Su)-pawala
21821	pAMsu(Su)	pAMsu(Su)-mardana
21827	pAka	pAka-agAra
21896	pAWaka	pAWaka-maMjarI
21906	pARi	pARi-grahItf
21918	pARi	pARi-ruh
21958	pAtAla	pAtAla-okas
21993	pAda	pAda-araviMda
22001	pAda	pAda-udaka
22030	pAda	pAda-roha
22057	pAna	pAna-agAra
22059	pAna	pAna-gozWikA
22061	pAna	pAna-pAtra
22062	pAna	pAna-BU
22072	pAnIya	pAnIya-SAlA
22119	pAra	pAra-apAra
22129	pAra	pAra-gata
22183	pArAvata	pArAvata-aMGri
22248	pArTiva	pArTiva-naMdana
22249	pArTiva	pArTiva-kanyA
22314	pAlASa	pAlASa-KaMqa
22333	pASa	pASa-Dara
22361	pAzARa	pAzARa-dAraka
22367	pika	pika-AnaMda
22368	pika	pika-baMDu
22397	picu	picu-maMda
22404	picCa	picCa-bARa
22448	piMqa	piMqa-aSana
22459	piMqa	piMqa-pAda
22464	piMqa	piMqa-mUla
22493	pitf	pitf-karman
22498	pitf	pitf-GAtaka
22527	pitf	pitf-rAj
22540	pitf	pitf-sTAna
22568	pinAka	pinAka-goptf
22606	piSita	piSita-aSana
22609	piSuna	piSuna-vacana
22697	pIyUza	pIyUza-mahas
22759	pucCa	pucCa-agra
22824	puRya	puRya-BU
22846	putra	putra-izwi
22857	putra	putra-vat
22863	putrakA	putrakA-putra
22864	putrakA	putrakA-prasU
22865	putrakA	putrakA-Bartf
22866	putrakA	putrakA-suta
22877	punar	punar-ADAna
22878	punar	punar-Avft
22891	punar	punar-Rava
22913	pura	pura-arAti
22918	pura	pura-jit
22927	pura	pura-rakza
23002	puru	puru-ha
23016	puruza	puruza-Ayuza
23025	puruza	puruza-daGna
23029	puruza	puruza-puMgava
23034	puruza	puruza-vyAGra
23062	puloman	puloman-ari
23070	puzkara	puzkara-AKya
23104	puzpa	puzpa-AyuDa
23127	puzpa	puzpa-Danus
23131	puzpa	puzpa-niryAsa
23137	puzpa	puzpa-pracaya
23141	puzpa	puzpa-bARa
23150	puzpa	puzpa-rAga
23155	puzpa	puzpa-likza
23160	puzpa	puzpa-vAwikA
23166	puzpa	puzpa-Sara
23168	puzpa	puzpa-sAra
23213	pUta	pUta-dru
23215	pUtanA	pUtanA-ari
23264	pUrRa	pUrRa-bIja
23274	pUrva	pUrva-acala
23290	pUrva	pUrva-ukta
23296	pUrva	pUrva-kAlika
23402	pfTA	pfTA-ja
23406	pfTivI	pfTivI-iMdra
23417	pfTu	pfTu-jaGana
23419	pfTu	pfTu-praTa
23430	pfTvI	pfTvI-ISa
23439	pfSni(zRi)	pfSni(zRi)-garBa
23440	pfSni(zRi)	pfSni(zRi)-SfMga
23443	pfzat	pfzat-aMSa
23460	pfzWa	pfzWa-gopa
23462	pfzWa	pfzWa-cakzus
23468	pfzWa	pfzWa-mAMsa˚ada
23473	pfzWa	pfzWa-vAh
23503	peSi(SI)	peSi(SI)-koSa
23589	pOra	pOra-aMganA
23742	pragata	pragata-jAnu
23833	prajA	prajA-ISa
23842	prajA	prajA-pAla
23992	prati	prati-kopa
23997	prati	prati-gfham
24005	prati	prati-jihvA
24023	prati	prati-nAda
24034	prati	prati-puruza
24046	prati	prati-biMba
24075	prati	prati-vacana
24110	prati	prati-hasta
24120	prati(tI)kAra	prati(tI)kAra-viDAna
24319	prati(tI)hAra	prati(tI)hAra-BUmi
24320	prati(tI)hAra	prati(tI)hAra-rakzI
24615	prabA(vA)la	prabA(vA)la-aSmaMtaka
24616	prabA(vA)la	prabA(vA)la-padma
24617	prabA(vA)la	prabA(vA)la-Pala
24673	pramaTa	pramaTa-aDipa
24679	pramada	pramada-kAnana
24682	pramadA	pramadA-kAnana
24785	pralaMba	pralaMba-Gna
24853	pravAsa	pravAsa-gata
25056	prasUna	prasUna-izu
25155	prahfzwa	prahfzwa-Atman
25225	prAc	prAc-tana
25228	prAc	prAc-dvAra
25232	prAc	prAc-PalgunI
25234	prAc	prAc-PAlguna
25243	prAc	prAc-Siras
25256	prAcIna	prAcIna-AvItin
25304	prARa	prARa-ISa
25305	prARa	prARa-ISA
25338	prARa	prARa-saMSaya
25364	prAtar	prAtar-karman
25471	prAya	prAya-upagamana
25506	prAleya	prAleya-adri
25507	prAleya	prAleya-aMSu
25650	prIta	prIta-Atman
25659	prIti	prIti-pUrvam
25679	prekzA	prekzA-agAra
25697	preta	preta-ISa
25699	preta	preta-karman
25810	pro(prO)zWa	pro(prO)zWa-pada
25811	pro(prO)zWa	pro(prO)zWa-padA
25814	pro(prO)Qa	pro(prO)Qa-aMganA
25815	pro(prO)Qa	pro(prO)Qa-ukti
25816	pro(prO)Qa	pro(prO)Qa-pratApa
25817	pro(prO)Qa	pro(prO)Qa-yOvana
25820	pro(prO)Qi	pro(prO)Qi-vAda
25823	plakza	plakza-jAtA
25824	plakza	plakza-tIrTa
25843	plI(pli)han	plI(pli)han-udara
25844	plI(pli)han	plI(pli)han-udarin
25877	PaRin	PaRin-iMdra
25922	Pala	Pala-pUra
25969	Pu(PU)t	Pu(PU)t-kAra
25969.1	Pu(PU)t	Pu(PU)t-kfta
25969.2	Pu(PU)t	Pu(PU)t-kfti
25976	Pena(Ra)	Pena(Ra)-vAhin
25988	baka	baka-cara
25989	baka	baka-jit
26006	badarI	badarI-vaRa
26009	badDa	badDa-aMgulitra
26016	badDa	badDa-kakza
26018	badDa	badDa-citta
26050	baMDana	baMDana-agAra
26062	baMDu	baMDu-jIva
26086	baMDyA	baMDyA-tanaya
26113	barhin	barhin-kusuma
26115	barhin	barhin-yAna
26142	bala	bala-aSa
26145	bala	bala-upapanna
26154	bala	bala-dviz
26186	bali	bali-naMdana
26187	bali	bali-puzwa
26192	bali	bali-maMdira
26193	bali	bali-muKa
26214	ballava	ballava-yuvati
26231	bahu	bahu-ac
26232	bahu	bahu-ap
26255	bahu	bahu-tvakka
26269	bahu	bahu-pad
26306	bahu	bahu-vIja
26338	bARa	bARa-Avali
26343	bARa	bARa-tURa
26416	bAla	bAla-caMdra
26426	bAla	bAla-puzwikA
26446	bAla	bAla-sUrya
26456	bAli	bAli-han
26498	bAhu	bAhu-kuMqa
26513	bAhu	bAhu-yoDa
26550	biMdu	biMdu-jAla
26584	bilva	bilva-peSikA
26590	bisa	bisa-kusuma
26611	bIja	bIja-AQya
26616	bIja	bIja-koSa
26660	budDi	budDi-gamya
26662	budDi	budDi-puraHsara
26663	budDi	budDi-pUrvam
26681	buDa	buDa-vAra
26707	bfhat	bfhat-AraRya
26716	bfhat	bfhat-nawa
26727	bfhaspati	bfhaspati-vAra
26736	bEqAla	bEqAla-vratika
26753	boDi	boDi-taru
26778	brahman	brahman-ayaRa
26804	brahman	brahman-graha
26837	brahman	brahman-dviz
26856	brahman	brahman-baDa
26889	brahman	brahman-varcas
26890	brahman	brahman-varcasin
26895	brahman	brahman-vid
26907	brahman	brahman-Siras
26950	brAhmaRa	brAhmaRa-jIvikA
26952	brAhmaRa	brAhmaRa-dravya
26954	brAhmaRa	brAhmaRa-baDa
26998	Bakti	Bakti-pUrvam
26999	Bakti	Bakti-BAj
27029	BaginI	BaginI-pati
27058	BaMgi	BaMgi-Bakti
27112	Badra	Badra-Gawa
27122	Badra	Badra-Sraya
27137	Baya	Baya-Atura
27207	Bava	Bava-abDi
27223	Bavana	Bavana-pati
27246	Bavizyat	Bavizyat-vaktf
27263	Basman	Basman-udDUlana
27266	Basman	Basman-gaMDA
27278	BA	BA-koza
27328	BAMqa	BAMqa-agAra
27356	BAnu	BAnu-keSara
27369	BAra	BAra-vAh
27375	BAra	BAra-hara
27402	BAla	BAla-dfS
27443	BAvita	BAvita-Atman
27464	BAzya	BAzya-kara
27502	BikzA	BikzA-caraRa
27503	BikzA	BikzA-pAtra
27549	Binna	Binna-varcas
27619	Bukta	Bukta-Seza
27629	Buja	Buja-aMtara
27633	Buja	Buja-ga˚aMtaka
27634	Buja	Buja-ga˚ISvara
27650	Buja	Buja-SiKara
27690	BU	BU-gfha
27698	BU	BU-jaMbu
27702	BU	BU-deva
27716	BU	BU-putra
27717	BU	BU-putrI
27728	BU	BU-ruh
27758	BUta	BUta-upasfzwa
27760	BUta	BUta-kartf
27773	BUta	BUta-DarA
27824	BUmi	BUmi-iMdra
27837	BUmi	BUmi-nATa
27849	BUmi	BUmi-saMBava
27850	BUmi	BUmi-saMBavA
27855	BUmI	BUmI-pati
27856	BUmI	BUmI-ruh
27898	Bfgu	Bfgu-ja
27903	Bfgu	Bfgu-vAra
27904	Bfgu	Bfgu-SArdUla
27905	Bfgu	Bfgu-suta
27914	BfMga	BfMga-riw
27949	BfSa	BfSa-duHKita
27958	Beka	Beka-rava
27965	Beda	Beda-dfzwi
27987	Bezaja	Bezaja-agAra
27996	BEkza	BEkza-caraRa
27997	BEkza	BEkza-jIvikA
28042	Bogin	Bogin-iMdra
28055	Boja	Boja-deva
28090	BOma	BOma-vAra
28145	BrAtf	BrAtf-gaMDi
28182	Brukuwi(wI)	Brukuwi(wI)-baMDa
28185	BrU	BrU-kuwi
28188	BrU	BrU-BaMga
28192	BrU	BrU-vicezwita
28195	BrURa	BrURa-hati
28207	makara	makara-Akara
28209	makara	makara-ketana
28234	makzi(kzI)kA	makzi(kzI)kA-mala
28238	maKa	maKa-agni
28257	maGa	maGa-va
28261	maGA	maGA-Bava
28329	maMjarI(ri)	maMjarI(ri)-cAmara
28330	maMjarI(ri)	maMjarI(ri)-namra
28334	maMji(jI)	maMji(jI)-PalA
28371	maRi	maRi-iMdra
28374	maRi	maRi-karRikA
28389	maRi	maRi-bIja
28429	maRqala	maRqala-aDipa
28447	maRqUka	maRqUka-anuvftti
28467	mati	mati-pUrvam
28472	mati	mati-viBraMSa
28485	matta	matta-kASinI
28486	matta	matta-daMtin
28498	matsya	matsya-ad
28502	matsya	matsya-ADAnI
28510	matsya	matsya-GAtin
28513	matsya	matsya-nASaka
28515	matsya	matsya-baMDa
28517	matsya	matsya-baMDanI
28518	matsya	matsya-raMka
28534	maTu(TU)rA	maTu(TU)rA-ISa
28541	mada	mada-atyaya
28568	mada	mada-jala
28571	mada	mada-prayoga
28580	mada	mada-sTala
28586	madana	madana-aMtaka
28587	madana	madana-avasTa
28600	madana	madana-damana
28643	madya	madya-bIja
28667	maDu	maDu-ucCizwa
28676	maDu	maDu-kAnana
28677	maDu	maDu-kAra
28678	maDu	maDu-kukkuwikA
28682	maDu	maDu-koSa
28684	maDu	maDu-kzIra
28691	maDu	maDu-jit
28710	maDu	maDu-parRikA
28720	maDu	maDu-bIja
28721	maDu	maDu-bIjapUra
28725	maDu	maDu-malli
28734	maDu	maDu-lih
28742	maDu	maDu-Sizwa
28743	maDu	maDu-saKa
28768	maDya	maDya-aMguli
28789	maDya	maDya-loka˚ISa
28936	manu	manu-ja˚aDipa
28946	manuzya	manuzya-iMdra
28953	manuzya	manuzya-viS
28969	maMtra	maMtra-jala
28972	maMtra	maMtra-da
28981	maMtra	maMtra-bIja
29003	maMtrin	maMtrin-pati
29008	maMTa	maMTa-acala
29009	maMTa	maMTa-udaka
29012	maMTa	maMTa-daMqa
29048	maMda	maMda-DI
29051	maMda	maMda-smita
29057	maMdara	maMdara-AvAsA
29114	maraRa	maraRa-aMta
29119	maraMda	maraMda-okas
29141	maru	maru-Danva
29154	marut	marut-tanaya
29157	marut	marut-pati
29210	marman	marman-cCid
29216	marman	marman-Bedana
29218	marman	marman-sTala
29226	maryAdA	maryAdA-acala
29256	malaya	malaya-acala
29257	malaya	malaya-anila
29286	malla	malla-BU
29292	malli(llI)	malli(llI)-gaMDi
29293	malli(llI)	malli(llI)-nATa
29294	malli(llI)	malli(llI)-patra
29296	mallika	mallika-akza
29309	maSaka	maSaka-kuwi
29353	mastu	mastu-luMga
29370	mahat	mahat-bila
29429	mahA	mahA-AnaMda
29445	mahA	mahA-ISa
29585	mahA	mahA-bila
29586	mahA	mahA-bIja
29587	mahA	mahA-bIjya
29589	mahA	mahA-brahma
29602	mahA	mahA-manas
29637	mahA	mahA-rAtri
29717	mahiza	mahiza-asura˚GAtinI
29720	mahiza	mahiza-pAla
29736	mahI	mahI-nATa
29737	mahI	mahI-putra
29738	mahI	mahI-putrI
29740	mahI	mahI-praroha
29752	mA	mA-pa
29756	mAMsa	mAMsa-ada
29764	mAMsa	mAMsa-ja
29772	mAMsa	mAMsa-sAra
29784	mAkzi(kzI)ka	mAkzi(kzI)ka-ASraya
29785	mAkzi(kzI)ka	mAkzi(kzI)ka-Pala
29786	mAkzi(kzI)ka	mAkzi(kzI)ka-SarkarA
29845	mAtf	mAtf-GAta
29854	mAtf	mAtf-baMDu
29948	mAnava	mAnava-iMdra
29956	mAnasa	mAnasa-okas
29987	mAyA	mAyA-kAra
30031	mAruta	mAruta-Atmaja
30034	mArkaMqa	mArkaMqa-purARa
30060	mArjAra(la)	mArjAra(la)-kaMWa
30061	mArjAra(la)	mArjAra(la)-karaRa
30086	mAlatI(ti)	mAlatI(ti)-kzAraka
30087	mAlatI(ti)	mAlatI(ti)-patrikA
30088	mAlatI(ti)	mAlatI(ti)-Pala
30089	mAlatI(ti)	mAlatI(ti)-mAlA
30094	mAlava	mAlava-aDISa
30099	mAlA	mAlA-kara
30122	mAza	mAza-ada
30176	mita	mita-BAzin
30182	mitra	mitra-karman
30184	mitra	mitra-druh
30218	miTyA	miTyA-vacana
30258	mIna	mIna-AGAtin
30263	mIna	mIna-raMka
30301	muktA	muktA-agAra
30302	muktA	muktA-Avali
30312	muktA	muktA-latA
30320	muKa	muKa-anila
30324	muKa	muKa-AsrAva
30354	muKa	muKa-vAsa
30380	mugDa	mugDa-DI
30389	muca(cu)kuMda	muca(cu)kuMda-prasAdaka
30430	mudga	mudga-Buj
30444	muni	muni-iMdra
30461	mura	mura-jit
30469	muralI	muralI-Dara
30510	mustA	mustA-ada
30532	mUQa	mUQa-cetana
30533	mUQa	mUQa-DI
30538	mUtra	mUtra-utsaMga
30568	mUrDan	mUrDan-karRI
30596	mUla	mUla-dravya
30606	mUla	mUla-SAkawa
30627	mUzika	mUzika-aMka
30642	mfga	mfga-ada
30643	mfga	mfga-aDipa
30656	mfga	mfga-uttama
30661	mfga	mfga-tfz
30662	mfga	mfga-daMSa
30667	mfga	mfga-DUrta
30675	mfga	mfga-baDAjIva
30685	mfga	mfga-rAja˚DArin
30731	mfta	mfta-matta
30747	mftyu	mftyu-bIja
30762	mfd	mfd-pAtra
30780	mfdu	mfdu-carmin
30808	mekala	mekala-adrijA
30835	meGa	meGa-jIvaka
30844	meGa	meGa-paMkti
30890	medinI	medinI-ISa
30917	melA	melA-aMDuka
30922	meza	meza-pAla
31023	mOMjI	mOMjI-nibaMDana
31075	mlecCa	mlecCa-Asya
31094	yakza	yakza-aDipa
31101	yakza	yakza-rAj
31107	yakzma	yakzma-graha
31108	yakzma	yakzma-GnI
31123	yajYa	yajYa-agAra
31126	yajYa	yajYa-Atman
31146	yajYa	yajYa-valli
31149	yajYa	yajYa-vedi
31160	yajYa	yajYa-han
31177	yata	yata-citta
31199	yaTA	yaTA-anupUrvam
31202	yaTA	yaTA-aBipreta
31215	yaTA	yaTA-AmnAtam
31220	yaTA	yaTA-icCa
31221	yaTA	yaTA-icCam
31231	yaTA	yaTA-uddizwam
31240	yaTA	yaTA-kramam
31248	yaTA	yaTA-dik
31254	yaTA	yaTA-praDAnam
31262	yaTA	yaTA-yuktam
31264	yaTA	yaTA-rucam
31272	yaTA	yaTA-Sakti
31276	yaTA	yaTA-saMKyam
31288	yadu	yadu-kulodBava
31347	yava	yava-kzoda
31350	yava	yava-SUka
31404	yAta	yAta-yAma
31437	yAmikA	yAmikA-pati
31450	yAvat	yAvat-aMtam
31455	yAvat	yAvat-janma
31504	yudDa	yudDa-BU
31520	yuvan	yuvan-Kalati
31521	yuvan	yuvan-rAj
31526	yUTa	yUTa-nATa
31536	yoga	yoga-ADamana
31538	yoga	yoga-iMdra
31542	yoga	yoga-tArakA
31545	yoga	yoga-nATa
31624	rakta	rakta-kaMWa
31626	rakta	rakta-kaMda
31641	rakta	rakta-vawI
31676	raMga	raMga-AjIva
31696	rajani	rajani-kara
31697	rajani	rajani-cara
31698	rajani	rajani-jala
31699	rajani	rajani-pati
31700	rajani	rajani-muKa
31732	raRa	raRa-aMgaRa
31735	raRa	raRa-Atodya
31736	raRa	raRa-kziti
31739	raRa	raRa-muKa
31769	rati	rati-aMga
31770	rati	rati-gfha
31772	rati	rati-pati
31782	ratna	ratna-dIpa
31787	ratna	ratna-sU
31794	raTa	raTa-aMga˚Ahvaya
31795	raTa	raTa-ISA
31796	raTa	raTa-udvaha
31800	raTa	raTa-kuwuMbika
31805	raTa	raTa-caraRa
31846	ramA	ramA-kAnta
31849	ramBA	ramBA-Uru
31862	ravi	ravi-ja
31866	raSanA	raSanA-upamA
31879	rasa	rasa-udBava
31923	rahasya	rahasya-Beda
31953	rAjan	rAjan-aDikArin
31962	rAjan	rAjan-Avali
31988	rAjan	rAjan-bIjin
31993	rAjan	rAjan-mantraDara
32003	rAjan	rAjan-lakzmI
32045	rAtri(trI)	rAtri(trI)-kara
32047	rAtri(trI)	rAtri(trI)-caryA
32048	rAtri(trI)	rAtri(trI)-ja
32049	rAtri(trI)	rAtri(trI)-jala
32050	rAtri(trI)	rAtri(trI)-jAgara
32051	rAtri(trI)	rAtri(trI)-tarA
32053	rAtri(trI)	rAtri(trI)-puzpa
32055	rAtri(trI)	rAtri(trI)-yoga
32056	rAtri(trI)	rAtri(trI)-rAga
32057	rAtri(trI)	rAtri(trI)-vAsas
32058	rAtri(trI)	rAtri(trI)-vigama
32059	rAtri(trI)	rAtri(trI)-veda
32075	rAma	rAma-caMdra
32105	rAhu	rAhu-grasana
32110	rikta	rikta-pARi
32114	rikTa	rikTa-Ada
32156	ruj	ruj-pratikriyA
32157	ruj	ruj-sadman
32193	rUpa	rUpa-kAra
32247	roDas	roDas-vakrA
32261	roman	roman-AlI
32262	roman	roman-udgama
32264	roman	roman-keSara
32268	roman	roman-rAji
32269	roman	roman-vikAra
32288	rohiRI	rohiRI-pati
32373	lagna	lagna-aha
32378	lagna	lagna-muhUrta
32388	laGu	laGu-ASin
32390	laGu	laGu-utTAna
32396	laGu	laGu-citta
32416	laMkA	laMkA-aDipa
32438	lajjA	lajjA-kara
32440	lajjA	lajjA-SUnya
32470	latA	latA-kastUrikA
32472	latA	latA-jihva
32484	latA	latA-vezwana
32494	labDa	labDa-avakASa
32498	labDa	labDa-cetas
32500	labDa	labDa-nAman
32543	laya	laya-AraMBa
32602	lavaRa	lavaRa-udaka
32633	lAkzA	lAkzA-taru
32634	lAkzA	lAkzA-prasAda
32747	lipi(pI)	lipi(pI)-kara
32748	lipi(pI)	lipi(pI)-kAra
32749	lipi(pI)	lipi(pI)-jYa
32750	lipi(pI)	lipi(pI)-Palaka
32751	lipi(pI)	lipi(pI)-SAlA
32752	lipi(pI)	lipi(pI)-sajjA
32777	lIlA	lIlA-agAra
32779	lIlA	lIlA-abja
32855	leKa	leKa-hAra
32868	leKya	leKya-patra
32875	lepa	lepa-BAgin
32929	loka	loka-kartf
32945	loka	loka-pa
32954	loka	loka-baMDu
32955	loka	loka-bAhya
32971	loka	loka-vfttAMta
32986	locana	locana-gocara
33010	loman	loman-Ali
33013	loman	loman-kUpa
33041	loha	loha-aBisAra
33115	vaMSa	vaMSa-karpUrarocanA
33124	vaMSa	vaMSa-nAqikA
33143	vaMSI	vaMSI-Dara
33172	vakra	vakra-Kaqga
33181	vakra	vakra-pucCa
33183	vakra	vakra-bAlaDi
33213	vacana	vacana-kArin
33252	vajra	vajra-nirGoza
33265	vajra	vajra-sUci
33306	vaqavA	vaqavA-agni
33343	vatsa	vatsa-ISa
33381	vaDa	vaDa-BUmi
33388	vaDU	vaDU-gfhapraveSa
33396	vaDya	vaDya-BU
33437	vana	vana-caMdrikA
33463	vana	vana-barhiRa
33471	vana	vana-muc
33505	vaMdana	vaMdana-mAlA
33543	vapra	vapra-kriyA
33591	vara	vara-Uru
33623	varaRa	varaRa-mAlA
33667	varuRa	varuRa-Alaya
33689	varga	varga-pada
33717	varRa	varRa-tUli
33737	varRa	varRa-saMGAta
33815	varza	varza-aMSa
33824	varza	varza-koSa
33825	varza	varza-giri
33846	varzuka	varzuka-abda
33981	vasaMta	vasaMta-dru
33983	vasaMta	vasaMta-baMDu
33985	vasA	vasA-AQya
33996	vasu	vasu-kIwa
34000	vasu	vasu-devatA
34007	vasu	vasu-DArA
34044	vastra	vastra-Bedaka
34073	vahni	vahni-loha
34190	vAjin	vAjin-Bakza
34206	vAqava	vAqava-agni
34264	vAtApi	vAtApi-dviz
34267	vAti	vAti-ga
34334	vApI(pi)	vApI(pi)-ha
34340	vAma	vAma-uru
34365	vAyasa	vAyasa-arAti
34374	vAyu	vAyu-jAta
34379	vAyu	vAyu-Bakza
34384	vAyu	vAyu-saKa
34402	vAra	vAra-aMganA
34404	vAra	vAra-buzA
34406	vAra	vAra-vARa
34420	vAraRa	vAraRa-buzA
34455	vAri	vAri-masi
34461	vAri	vAri-vAha
34486	vArttA	vArttA-vaha
34541	vAsa	vAsa-agAra
34550	vAsaka	vAsaka-sajjA
34620	viMSati	viMSati-ISa
34666	vikIrRa	vikIrRa-keSa
34682	vikrama	vikrama-arka
34744	viGasa	viGasa-ASa
34750	viGna	viGna-ISa
34753	viGna	viGna-nAyaka
34755	viGna	viGna-rAja
34993	vidyA	vidyA-caRa
35044	viDAna	viDAna-ga
35084	vinatA	vinatA-suta
35104	vinASa	vinASa-Darman
35137	vinDya	vinDya-kUwa
35164	viparIta	viparIta-kara
35233	vibuDa	vibuDa-aDipati
35234	vibuDa	vibuDa-vidviz
35482	viloma	viloma-utpanna
35616	viSraMBa	viSraMBa-pAtra
35633	viSva	viSva-ISa
35637	viSva	viSva-karman˚jA
35669	viSva	viSva-vAh
35678	viSvAsa	viSvAsa-pAtra
35692	viza	viza-akta
35695	viza	viza-Anana
35714	viza	viza-SUka
35718	vizaRRa	vizaRRa-muKa
35721	vizama	vizama-akza
35723	vizama	vizama-AyuDa
35790	vizRu	vizRu-vAhana
35834	vistara	vistara-tas
35929	vIRA	vIRA-vAda
35964	vIra	vIra-pARa
35999	vfka	vfka-arAti
36024	vfkza	vfkza-vAwikA
36053	vftta	vftta-cUqa
36064	vftra	vftra-ari
36088	vfdDi	vfdDi-AjIva
36122	vfza	vfza-daMSa
36133	vfzaBa	vfzaBa-gati
36194	veRu	veRu-vAda
36208	vetra	vetra-Dara
36218	veda	veda-aMta˚ga
36222	veda	veda-Adi
36283	veSa	veSa-nArI
36406	vEdyuta	vEdyuta-agni
36449	vEra	vEra-udDAra
36493	vESravaRa	vESravaRa-Alaya
36716	vyAla	vyAla-Kaqga
36717	vyAla	vyAla-grAha
36769	vyoman	vyoman-keSa
36774	vyoman	vyoman-maMjara
36783	vraja	vraja-kiSora
36843	Saka	Saka-aMtaka
36848	Sakawa	Sakawa-ari
36874	Sakft	Sakft-piMqa
36887	Sakti	Sakti-pARi
36898	Sakra	Sakra-Atmaja
36901	Sakra	Sakra-ja
36902	Sakra	Sakra-jit
36904	Sakra	Sakra-Danus
36908	Sakra	Sakra-Bavana
36929	SaMku	SaMku-taru
36934	SaMKa	SaMKa-kAra
36935	SaMKa	SaMKa-carI
36937	SaMKa	SaMKa-Dma
36949	SacI(ci)	SacI(ci)-pati
36968	Sata	Sata-Avarta
36982	Sata	Sata-tArakA
36992	Sata	Sata-pad
36997	Sata	Sata-maKa
37029	Sani	Sani-vAra
37090	Sam	Sam-Bu˚tanaya
37105	SamI(mi)	SamI(mi)-garBa
37106	SamI(mi)	SamI(mi)-DAnya
37114	SaMba(va)ra	SaMba(va)ra-ari
37115	SaMba(va)ra	SaMba(va)ra-asura
37116	SaMba(va)ra	SaMba(va)ra-asura˚vErin
37139	SayyA	SayyA-aDyakza
37145	Sara	Sara-awi(ti)
37148	Sara	Sara-Aropa
37150	Sara	Sara-Asana
37166	Sara	Sara-vaRa˚udBava
37177	SaraRa	SaraRa-arTin
37191	Sarad	Sarad-Gana
37219	SarIra	SarIra-yAtrA
37310	SaSa	SaSa-ada
37311	SaSa	SaSa-UrRa
37319	SaSa	SaSa-viMdu
37334	SaSin	SaSin-BUzaRa
37393	SAka	SAka-SAkawa
37416	SAkya	SAkya-muni
37421	SAKA	SAKA-nagara
37451	SAta	SAta-kuMBa
37473	SAMti	SAMti-uda
37533	SArNga	SArNga-Danvan
37546	SAla	SAla-ja
37589	SAva(ba)ra	SAva(ba)ra-BedAkza
37621	SAstra	SAstra-vipratizeDa
37672	SiKin	SiKin-kaMWa
37674	SiKin	SiKin-picCa
37698	Siti	Siti-cCada
37736	Siras	Siras-tra
37779	SilA	SilA-kusuma
37785	SilA	SilA-putra
37804	Silpa	Silpa-kAra
37852	SiSira	SiSira-aMSu
37853	SiSira	SiSira-atyaya
37862	SiSu	SiSu-vAhaka
37912	SIta	SIta-mayUKa
37942	SIrRa	SIrRa-aMGri
37969	Suka	Suka-taru
37972	Suka	Suka-puzpa
37989	Sukra	Sukra-vAra
37995	Sukla	Sukla-aMga
38092	SuBra	SuBra-aMSu
38097	SuMBa	SuMBa-GAtinI
38106	Sulva(lba)	Sulva(lba)-ari
38107	Sulva(lba)	Sulva(lba)-ja
38134	SUka	SUka-piMqi
38175	SUrpa	SUrpa-RaKA
38185	SUla	SUla-Danvan
38202	SfgAla	SfgAla-jaMbu
38209	SfMga	SfMga-awa
38226	SfMgAra	SfMgAra-viDi
38282	SEla	SEla-aDipa
38288	SEla	SEla-jA
38322	Soka	Soka-agni
38341	SoRa	SoRa-aSman
38384	SOca	SOca-AcAra
38426	SmaSAna	SmaSAna-BAj
38491	Srama	Srama-aMbu
38506	SravaRa	SravaRa-paTa
38507	SravaRa	SravaRa-pAli
38569	SrI	SrI-dayita
38572	SrI	SrI-niketana
38581	SrI	SrI-PalA
38592	SrI	SrI-vatsa˚DArin
38594	SrI	SrI-vara
38619	Sruti	Sruti-ukta
38656	SroRi	SroRi-tawa
38657	SroRi	SroRi-Palaka
38658	SroRi	SroRi-biMba
38659	SroRi	SroRi-sUtra
38705	Slezman	Slezman-GnA
38725	Svan	Svan-pac
38794	Sveta	Sveta-garut
38814	Sveta	Sveta-SuMga
39186	saMkalpa	saMkalpa-janman
39360	sat	sat-pAtra˚varza
39382	satata	satata-ga
39393	sattra	sattra-ayaRa
39428	satya	satya-vAc
39430	satya	satya-saMgara
39481	sanA	sanA-tana
39622	saptan	saptan-jihva
39629	saptan	saptan-cCada
39716	samaya	samaya-anusAreRa
39896	samudra	samudra-aru
39897	samudra	samudra-kAMtA
39904	samudra	samudra-meKalA
40108	sarja	sarja-niryAsaka
40115	sarpa	sarpa-arAti
40117	sarpa	sarpa-AvAsa
40242	saha	saha-DarmacAriRI
40256	sahasra	sahasra-aMSu
40257	sahasra	sahasra-akza
40265	sahasra	sahasra-bAhu
40338	sAgara	sAgara-nemi
40458	sAman	sAman-upacAra
40561	sAri(rI)	sAri(rI)-Palaka
40643	sAvitrI	sAvitrI-patita
40684	siMha	siMha-Dvani
40694	siMhikA	siMhikA-putra
40745	sidDa	sidDa-gaMgA
40881	suKa	suKa-Ayata
41151	sura	sura-vidviz
41153	sura	sura-sarit
41178	surA	surA-AjIva
41184	surA	surA-pARa
41203	suvarRa	suvarRa-kartf
41360	sUtikA	sUtikA-agAra
41375	sUtra	sUtra-kAra
41376	sUtra	sUtra-koRa
41380	sUtra	sUtra-Dara
41458	sUrya	sUrya-ja
41459	sUrya	sUrya-jA
41642	sopAna	sopAna-paMkti
41646	soma	soma-aha
41665	soma	soma-yajYa
41668	soma	soma-latA
41671	soma	soma-vfkza
41769	sOmya	sOmya-vAra
41852	skaMDa	skaMDa-vAha
41890	stana	stana-pa
41893	stana	stana-muKa
42123	sTAna	sTAna-Brazwa
42161	sTAvara	sTAvara-asTAvara
42179	sTira	sTira-Ayus
42215	sTUla	sTUla-kzeqa
42219	sTUla	sTUla-nAsa
42227	sTUla	sTUla-lakza
42230	sTUla	sTUla-SAwaka
42327	sparSa	sparSa-spaMda
42339	spazwa	spazwa-BAzin
42452	smara	smara-Atura
42497	smfti	smfti-paTa
42630	sva	sva-BAva˚ja
42700	svar	svar-ApagA
42741	svarga	svarga-vaDU
42759	svarRa	svarRa-reKA
42780	svasti	svasti-vAcana
42792	svAti(tI)	svAti(tI)-yoga
42840	svAhA	svAhA-pati
42852	sveda	sveda-uda
42878	haMsa	haMsa-raTa
42908	hata	hata-BAga
42911	hata	hata-SrI
42926	hanu(nU)	hanu(nU)-mat
42927	hanu(nU)	hanu(nU)-mUla
42936	haMbA(BA)	haMbA(BA)-rava
42951	haya	haya-mAra
42997	hari	hari-suta
43008	hariRa	hariRa-kalaMka
43009	hariRa	hariRa-dfS
43029	haridrA	haridrA-gaRapati
43084	havizya	havizya-aSin
43099	havya	havya-vAh
43121	hasta	hasta-DAraRa
43145	hastin	hastin-pa
43244	hiqiMba	hiqiMba-jit
43253	hita	hita-anvezin
43272	hima	hima-acala
43273	hima	hima-acala˚jA
43274	hima	hima-aMbu
43282	hima	hima-Ahva
43296	hima	hima-BAs
43321	hiraRya	hiraRya-bAha
43409	hfdaya	hfdaya-ISa
43410	hfdaya	hfdaya-ISA
43415	hfdaya	hfdaya-viD
43429	hfzwa	hfzwa-citta
43465	heman	heman-kara
43476	heman	heman-dugDa
43478	heman	heman-puzpa
43481	heman	heman-bala
43488	heman	heman-sUtra
43513	hEma	hEma-mudrA
